SiteID,Model,abundance,stderr,deviance,df,AIC,BIC,infoFit,CI_lower,CI_upper
Field 3,Mth Chao (LB),166.21,60.56,35.30626994,118,93.30078825,110.6872189,1,47.52,284.9
South Shore,Mt,115.47,40.12,21.51052829,119,65.08956623,78.19025551,1,36.84,194.1
Tree Graveyard,Mbh,30.75,4.72,15.53723888,59,44.39570845,49.57905591,0,21.5,40
Combined,Mt,193.26,52.15,22.53135564,119,76.83623442,93.98131223,0,91.06,295.47
